case,language,procedure,acceptance,result,response_final_to_first_audio_ms,stop_to_first_audio_ms,notes
01,es,"Mensaje hablado breve","Respuesta completa audible coincide con texto visible",pending,,,
02,es,"Mensaje hablado que genere respuesta larga","Audio continuo y controles accesibles sin cortes",pending,,,
03,es,"Preguntar por números y horarios","Números y horarios comprensibles e idénticos al texto",pending,,,
04,es,"Pedir consejo sobre descanso","Consejo audible en el idioma de la respuesta visible",pending,,,
05,es,"Solicitar acción nativa de bloqueo","Se lee respuesta final; ejecución conserva verificación nativa existente",pending,,,
06,en,"Short spoken message","Complete audible response agrees with visible text",pending,,,
07,en,"Spoken message producing a long response","Continuous audio with reachable controls",pending,,,
08,en,"Ask about numbers and times","Numbers and times are intelligible and agree with text",pending,,,
09,en,"Ask for rest advice","Audible advice uses the language of the visible response",pending,,,
10,en,"Request native blocking action","Final response is read; native verification retains action authority",pending,,,
11,device,"Denegar permiso de micrófono","Estado claro; no grabación ni audio inesperado; texto utilizable",pending,,,
12,device,"Enviar grabación sin habla","No respuesta inventada ni reproducción automática",pending,,,
13,device,"Enviar sin conexión","Mensaje conservado y error visible; recuperación sin autoplay",pending,,,
14,device,"Interrumpir red durante voz","Error visible y respuesta textual conservada; reintento explícito",pending,,,
15,device,"Detener audio y pulsar Listen","Detención inmediata; repetición explícita del mismo texto final",pending,,,
16,device,"Silenciar y enviar nuevo mensaje hablado","Respuesta textual sin autoplay; preferencia conservada al reabrir",pending,,,
17,device,"Poner app en segundo plano durante voz","Detiene audio; volver no reinicia automáticamente",pending,,,
18,device,"Desconectar Bluetooth durante voz","Detiene audio sin transferencia inesperada al altavoz",pending,,,
19,device,"Cambiar cuenta durante preparación o reproducción","Audio anterior detenido; ninguna respuesta cruza cuentas",pending,,,
20,device,"Reabrir Chat con respuesta recuperada o escrita","Sin autoplay; Listen explícito disponible para turno final propio",pending,,,
